row ID,id,time,atoms,cores,timesteps,outfreq,task,read_bytes,Prediction (read_bytes)
1,4249.0,0.0031847133757961785,0.0,0.0,0.0,0.0,sassena_ID0000005,0.06248479829956305,0.062445229237335156
2,4250.0,0.006369426751592357,0.0,0.0,0.0,0.0,sassena_ID0000005,1.6119948918929988E-4,7.809148302562615E-4
3,4251.0,0.009554140127388536,0.0,0.0,0.0,0.0,sassena_ID0000005,1.64021985504584E-4,3.0093020278226183E-4
4,4252.0,0.012738853503184714,0.0,0.0,0.0,0.0,sassena_ID0000005,1.2704463083544696E-4,2.2141708077843373E-4
5,4253.0,0.01592356687898089,0.0,0.0,0.0,0.0,sassena_ID0000005,1.902930014738979E-4,1.9620762184286542E-4
6,4254.0,0.019108280254777073,0.0,0.0,0.0,0.0,sassena_ID0000005,1.6473135830143718E-4,1.848745134298337E-4
7,4268.0,0.0031847133757961785,0.0,0.0,0.0,1.0,sassena_ID0000005,0.03568419689676623,0.035692402866503666
8,4269.0,0.006369426751592357,0.0,0.0,0.0,1.0,sassena_ID0000005,1.6624468693472396E-4,3.919113371011363E-4
9,4270.0,0.009554140127388536,0.0,0.0,0.0,1.0,sassena_ID0000005,1.6624353348302176E-4,1.1555344910139039E-4
10,4271.0,0.012738853503184714,0.0,0.0,0.0,1.0,sassena_ID0000005,6.657146499248996E-5,8.433824325737936E-5
11,4360.0,0.0031847133757961785,0.0,0.0,1.0,0.0,sassena_ID0000005,1.0496871870703555E-4,0.5383352874418942
12,4361.0,0.006369426751592357,0.0,0.0,1.0,0.0,sassena_ID0000005,0.5382361539989285,8.887748744899519E-4
13,4362.0,0.009554140127388536,0.0,0.0,1.0,0.0,sassena_ID0000005,1.6141749156101573E-4,1.4933700285980675E-4
14,4363.0,0.012738853503184714,0.0,0.0,1.0,0.0,sassena_ID0000005,1.5556141726894484E-4,9.189936619074553E-5
15,4364.0,0.01592356687898089,0.0,0.0,1.0,0.0,sassena_ID0000005,5.197015058467688E-4,7.563374394897172E-5
16,4365.0,0.019108280254777073,0.0,0.0,1.0,0.0,sassena_ID0000005,1.5975998146495392E-4,6.817443337537111E-5
17,4366.0,0.02229299363057325,0.0,0.0,1.0,0.0,sassena_ID0000005,1.6038630573924866E-4,6.37098177060977E-5
18,4367.0,0.025477707006369428,0.0,0.0,1.0,0.0,sassena_ID0000005,3.431161244018192E-4,6.062531259722302E-5
19,4368.0,0.028662420382165606,0.0,0.0,1.0,0.0,sassena_ID0000005,1.597703625302737E-4,5.834504616995668E-5
20,4369.0,0.03184713375796178,0.0,0.0,1.0,0.0,sassena_ID0000005,1.6038630573924866E-4,5.661472548825721E-5
21,4370.0,0.03503184713375796,0.0,0.0,1.0,0.0,sassena_ID0000005,2.5298079458507946E-4,5.529740810768387E-5
22,4371.0,0.038216560509554146,0.0,0.0,1.0,0.0,sassena_ID0000005,2.490013862124885E-4,5.43062904854046E-5
23,4372.0,0.04140127388535032,0.0,0.0,1.0,0.0,sassena_ID0000005,1.6005411164901498E-4,5.357967310895261E-5
24,4373.0,0.0445859872611465,0.0,0.0,1.0,0.0,sassena_ID0000005,2.5298079458507946E-4,5.307038288176673E-5
25,4374.0,0.04777070063694268,0.0,0.0,1.0,0.0,sassena_ID0000005,2.4899446550227523E-4,5.274068407518726E-5
26,4375.0,0.050955414012738856,0.0,0.0,1.0,0.0,sassena_ID0000005,1.5993184576858175E-4,5.255951455480637E-5
27,4376.0,0.054140127388535034,0.0,0.0,1.0,0.0,sassena_ID0000005,2.530961397552995E-4,5.2500829302069286E-5
28,4377.0,0.05732484076433121,0.0,0.0,1.0,0.0,sassena_ID0000005,2.496104087112502E-4,5.254253297176042E-5
29,4378.0,0.06050955414012739,0.0,0.0,1.0,0.0,sassena_ID0000005,1.597703625302737E-4,5.2665754243077294E-5
30,4379.0,0.06369426751592357,0.0,0.0,1.0,0.0,sassena_ID0000005,2.5325762299360755E-4,5.2854329525430264E-5
31,4380.0,0.06687898089171974,0.0,0.0,1.0,0.0,sassena_ID0000005,2.4855384695203475E-4,5.309441814677319E-5
32,4381.0,0.07006369426751592,0.0,0.0,1.0,0.0,sassena_ID0000005,1.597703625302737E-4,5.3374200773316207E-5
33,4382.0,0.0732484076433121,0.0,0.0,1.0,0.0,sassena_ID0000005,1.597703625302737E-4,5.368363088010779E-5
34,4383.0,0.07643312101910829,0.0,0.0,1.0,0.0,sassena_ID0000005,2.5298771529529265E-4,5.401422088072846E-5
35,4384.0,0.07961783439490447,0.0,0.0,1.0,0.0,sassena_ID0000005,2.492782146210165E-4,5.435885229615749E-5
36,4385.0,0.08280254777070065,0.0,0.0,1.0,0.0,sassena_ID0000005,1.597703625302737E-4,5.471160428957839E-5
37,4386.0,0.08598726114649682,0.0,0.0,1.0,0.0,sassena_ID0000005,0.0014398618340185423,5.50675978233382E-5
38,4387.0,0.089171974522293,0.0,0.0,1.0,0.0,sassena_ID0000005,0.0014311636547322498,5.542285423922249E-5
39,4388.0,0.09235668789808918,0.0,0.0,1.0,0.0,sassena_ID0000005,1.5949930138025665E-4,5.577416772486577E-5
40,4389.0,0.09554140127388536,0.0,0.0,1.0,0.0,sassena_ID0000005,2.5325531609020314E-4,5.611899128290181E-5
41,4390.0,0.09872611464968153,0.0,0.0,1.0,0.0,sassena_ID0000005,2.492263092944175E-4,5.64553357245462E-5
42,4391.0,0.10191082802547771,0.0,0.0,1.0,0.0,sassena_ID0000005,1.597807435955935E-4,5.678168102824023E-5
43,4392.0,0.10509554140127389,0.0,0.0,1.0,0.0,sassena_ID0000005,2.532691575106295E-4,5.709689922735146E-5
44,4393.0,0.10828025477707007,0.0,0.0,1.0,0.0,sassena_ID0000005,1.5950506863876766E-4,5.7400187860584625E-5
45,4394.0,0.11146496815286625,0.0,0.0,1.0,0.0,sassena_ID0000005,2.488179873918386E-4,5.769101294700348E-5
46,4395.0,0.11464968152866242,0.0,0.0,1.0,0.0,sassena_ID0000005,2.5330952832020655E-4,5.7969060430693476E-5
47,4396.0,0.1178343949044586,0.0,0.0,1.0,0.0,sassena_ID0000005,1.5961349309877448E-4,5.823419506730612E-5
48,4397.0,0.12101910828025478,0.0,0.0,1.0,0.0,sassena_ID0000005,2.4967615545827565E-4,5.848642578339448E-5
49,4398.0,0.12420382165605096,0.0,0.0,1.0,0.0,sassena_ID0000005,1.600206615496512E-4,5.872587661783558E-5
50,4399.0,0.12738853503184713,0.0,0.0,1.0,0.0,sassena_ID0000005,2.5330260760999336E-4,5.895276244310324E-5
51,4400.0,0.1305732484076433,0.0,0.0,1.0,0.0,sassena_ID0000005,2.499033854436091E-4,5.916736875545001E-5
52,4401.0,0.1337579617834395,0.0,0.0,1.0,0.0,sassena_ID0000005,1.6027326747243304E-4,5.937003491208711E-5
53,4402.0,0.13694267515923567,0.0,0.0,1.0,0.0,sassena_ID0000005,2.540984892845115E-4,5.956114027700133E-5
54,4403.0,0.14012738853503184,0.0,0.0,1.0,0.0,sassena_ID0000005,2.503440039938496E-4,5.97410928132657E-5
55,4404.0,0.14331210191082802,0.0,0.0,1.0,0.0,sassena_ID0000005,1.6034132112286285E-4,5.991031972776557E-5
56,4405.0,0.1464968152866242,0.0,0.0,1.0,0.0,sassena_ID0000005,2.5410540999472477E-4,6.006925983408714E-5
57,4406.0,0.14968152866242038,0.0,0.0,1.0,0.0,sassena_ID0000005,1.6034132112286285E-4,6.021835735121727E-5
58,4407.0,0.15286624203821658,0.0,0.0,1.0,0.0,sassena_ID0000005,2.503451574455518E-4,6.035805690028958E-5
59,4408.0,0.15605095541401276,0.0,0.0,1.0,0.0,sassena_ID0000005,2.5410540999472477E-4,6.0488799499630705E-5
60,4409.0,0.15923566878980894,0.0,0.0,1.0,0.0,sassena_ID0000005,1.6034132112286285E-4,6.061101939056098E-5
61,4410.0,0.16242038216560511,0.0,0.0,1.0,0.0,sassena_ID0000005,2.5095648684771794E-4,6.072514155357579E-5
62,4411.0,0.1656050955414013,0.0,0.0,1.0,0.0,sassena_ID0000005,0.0014357094078906213,6.083157979736676E-5
63,4412.0,0.16878980891719747,0.0,0.0,1.0,0.0,sassena_ID0000005,1.6061238227287994E-4,6.09307353222886E-5
64,4413.0,0.17197452229299365,0.0,0.0,1.0,0.0,sassena_ID0000005,0.0014322259837499763,6.1022995675909356E-5
65,4414.0,0.17515923566878983,0.0,0.0,1.0,0.0,sassena_ID0000005,1.6033555386435185E-4,6.110873403169433E-5
66,4415.0,0.178343949044586,0.0,0.0,1.0,0.0,sassena_ID0000005,2.5409964273621373E-4,6.118830873308333E-5
67,4416.0,0.18152866242038218,0.0,0.0,1.0,0.0,sassena_ID0000005,1.6061238227287994E-4,6.126206305460827E-5
68,4417.0,0.18471337579617836,0.0,0.0,1.0,0.0,sassena_ID0000005,1.6062853059671073E-4,6.133032513954097E-5
69,4418.0,0.18789808917197454,0.0,0.0,1.0,0.0,sassena_ID0000005,2.54106563446427E-4,6.139340808015062E-5
70,4419.0,0.1910828025477707,0.0,0.0,1.0,0.0,sassena_ID0000005,1.6061238227287994E-4,6.145161011215419E-5
71,4420.0,0.1942675159235669,0.0,0.0,1.0,0.0,sassena_ID0000005,9.647816072713918E-5,6.150521489958663E-5
72,4524.0,0.0031847133757961785,0.0,0.0,1.0,1.0,sassena_ID0000005,0.27771431134068697,0.27772368887176346
73,4525.0,0.006369426751592357,0.0,0.0,1.0,1.0,sassena_ID0000005,5.19989868772319E-4,0.0010015841323450562
74,4526.0,0.009554140127388536,0.0,0.0,1.0,1.0,sassena_ID0000005,1.604566662930829E-4,1.5565650808031854E-4
75,4527.0,0.012738853503184714,0.0,0.0,1.0,1.0,sassena_ID0000005,3.4275740092243497E-4,9.32466243051383E-5
76,4528.0,0.01592356687898089,0.0,0.0,1.0,1.0,sassena_ID0000005,3.4307690704394445E-4,7.819429102891276E-5
77,4529.0,0.019108280254777073,0.0,0.0,1.0,1.0,sassena_ID0000005,1.6026057950370884E-4,7.246063510237765E-5
78,4530.0,0.02229299363057325,0.0,0.0,1.0,1.0,sassena_ID0000005,3.425382450990169E-4,6.956424968549713E-5
79,4531.0,0.025477707006369428,0.0,0.0,1.0,1.0,sassena_ID0000005,3.425382450990169E-4,6.781323361645175E-5
80,4532.0,0.028662420382165606,0.0,0.0,1.0,1.0,sassena_ID0000005,1.6108414401907984E-4,6.663759817935396E-5
81,4533.0,0.03184713375796178,0.0,0.0,1.0,1.0,sassena_ID0000005,3.423306237926208E-4,6.580732987487521E-5
82,4534.0,0.03503184713375796,0.0,0.0,1.0,1.0,sassena_ID0000005,2.5324493502488333E-4,6.521212010541925E-5
83,4535.0,0.038216560509554146,0.0,0.0,1.0,1.0,sassena_ID0000005,2.496461657140184E-4,6.478928817298541E-5
84,4536.0,0.04140127388535032,0.0,0.0,1.0,1.0,sassena_ID0000005,3.4245288967305407E-4,6.449771238846987E-5
85,4537.0,0.0445859872611465,0.0,0.0,1.0,1.0,sassena_ID0000005,2.5324493502488333E-4,6.430753219336271E-5
86,4538.0,0.04777070063694268,0.0,0.0,1.0,1.0,sassena_ID0000005,2.495538895778424E-4,6.419568351620105E-5
87,4539.0,0.050955414012738856,0.0,0.0,1.0,1.0,sassena_ID0000005,3.433802648416231E-4,6.414375160199745E-5
88,4540.0,0.054140127388535034,0.0,0.0,1.0,1.0,sassena_ID0000005,2.534710115585146E-4,6.41368133841308E-5
89,4541.0,0.05732484076433121,0.0,0.0,1.0,1.0,sassena_ID0000005,2.492770611693143E-4,6.416273315073013E-5
90,4542.0,0.06050955414012739,0.0,0.0,1.0,1.0,sassena_ID0000005,3.430411500411762E-4,6.421168007557341E-5
91,4543.0,0.06369426751592357,0.0,0.0,1.0,1.0,sassena_ID0000005,2.534710115585146E-4,6.427576200193963E-5
92,4544.0,0.06687898089171974,0.0,0.0,1.0,1.0,sassena_ID0000005,2.492770611693143E-4,6.434872565057109E-5
93,4545.0,0.07006369426751592,0.0,0.0,1.0,1.0,sassena_ID0000005,3.4305614491330483E-4,6.442569962786674E-5
94,4546.0,0.0732484076433121,0.0,0.0,1.0,1.0,sassena_ID0000005,2.5360250505256543E-4,6.450296924826357E-5
95,4547.0,0.07643312101910829,0.0,0.0,1.0,1.0,sassena_ID0000005,2.5013868959085795E-4,6.457777815744297E-5
96,4548.0,0.07961783439490447,0.0,0.0,1.0,1.0,sassena_ID0000005,0.0014417304257761069,6.464815433014801E-5
97,4549.0,0.08280254777070065,0.0,0.0,1.0,1.0,sassena_ID0000005,0.0015257916789290598,6.471275891112607E-5
98,4550.0,0.08598726114649682,0.0,0.0,1.0,1.0,sassena_ID0000005,2.4969345723380865E-4,6.477075648321429E-5
99,4551.0,0.089171974522293,0.0,0.0,1.0,1.0,sassena_ID0000005,2.541688498383458E-4,6.482170517276078E-5
100,4570.0,0.0031847133757961785,0.0,1.0,0.0,0.0,sassena_ID0000005,0.07253220579892192,0.07118994613731419
101,4581.0,0.0031847133757961785,0.0,1.0,0.0,1.0,sassena_ID0000005,0.0432151638020511,0.04324643531306333
102,4650.0,0.0031847133757961785,0.0,1.0,1.0,0.0,sassena_ID0000005,0.5459271288777944,0.5460717359830725
103,4651.0,0.006369426751592357,0.0,1.0,1.0,0.0,sassena_ID0000005,3.1682896010867454E-4,0.001443656349061456
104,4652.0,0.009554140127388536,0.0,1.0,1.0,0.0,sassena_ID0000005,3.1696276050612976E-4,1.3634480112827214E-4
105,4653.0,0.012738853503184714,0.0,1.0,1.0,0.0,sassena_ID0000005,9.684818803320504E-4,8.618467517912896E-5
106,4654.0,0.01592356687898089,0.0,1.0,1.0,0.0,sassena_ID0000005,3.1682780665697233E-4,7.268820619693548E-5
107,4655.0,0.019108280254777073,0.0,1.0,1.0,0.0,sassena_ID0000005,3.166351802227049E-4,6.672178251819935E-5
108,4656.0,0.02229299363057325,0.0,1.0,1.0,0.0,sassena_ID0000005,4.990627945392989E-4,6.321700936182674E-5
109,4657.0,0.025477707006369428,0.0,1.0,1.0,0.0,sassena_ID0000005,4.955309254271617E-4,6.0777250311882954E-5
110,4658.0,0.028662420382165606,0.0,1.0,1.0,0.0,sassena_ID0000005,3.171749956193346E-4,5.892604573970281E-5
111,4659.0,0.03184713375796178,0.0,1.0,1.0,0.0,sassena_ID0000005,4.0978563278899624E-4,5.746801038347404E-5
112,4660.0,0.03503184713375796,0.0,1.0,1.0,0.0,sassena_ID0000005,5.84494348314466E-4,5.63047047435436E-5
113,4661.0,0.038216560509554146,0.0,1.0,1.0,0.0,sassena_ID0000005,3.166813182907929E-4,5.537549902533682E-5
114,4662.0,0.04140127388535032,0.0,1.0,1.0,0.0,sassena_ID0000005,3.167897427507997E-4,5.463704281045473E-5
115,4663.0,0.0445859872611465,0.0,1.0,1.0,0.0,sassena_ID0000005,6.777209286931025E-4,5.4055519653083276E-5
116,4664.0,0.04777070063694268,0.0,1.0,1.0,0.0,sassena_ID0000005,3.165659731205729E-4,5.360337935268808E-5
117,4740.0,0.0031847133757961785,0.0,1.0,1.0,1.0,sassena_ID0000005,0.28528155891581286,0.28497749209222933
118,4741.0,0.006369426751592357,0.0,1.0,1.0,1.0,sassena_ID0000005,0.0010338329934236124,0.003436706913391476
119,4742.0,0.009554140127388536,0.0,1.0,1.0,1.0,sassena_ID0000005,3.177863250215008E-4,1.7007853548791981E-4
120,4743.0,0.012738853503184714,0.0,1.0,1.0,1.0,sassena_ID0000005,6.779354707097117E-4,9.788979994360566E-5
121,4744.0,0.01592356687898089,0.0,1.0,1.0,1.0,sassena_ID0000005,5.898002261445872E-4,8.248555948536551E-5
122,4745.0,0.019108280254777073,0.0,1.0,1.0,1.0,sassena_ID0000005,4.073149392428832E-4,7.730167395881767E-5
123,4746.0,0.02229299363057325,0.0,1.0,1.0,1.0,sassena_ID0000005,6.786667590889067E-4,7.512553504621801E-5
124,4747.0,0.025477707006369428,0.0,1.0,1.0,1.0,sassena_ID0000005,1.2728800914461123E-4,7.407841596013442E-5
125,4763.0,0.0031847133757961785,1.0,0.0,0.0,0.0,sassena_ID0000005,0.10768196123053896,0.10809634238982936
126,4764.0,0.006369426751592357,1.0,0.0,0.0,0.0,sassena_ID0000005,1.6323879179878998E-4,8.570572452637859E-4
127,4765.0,0.009554140127388536,1.0,0.0,0.0,0.0,sassena_ID0000005,1.6095957123524223E-4,3.003640481952448E-4
128,4766.0,0.012738853503184714,1.0,0.0,0.0,0.0,sassena_ID0000005,1.617104682933746E-4,2.1534502830185173E-4
129,4767.0,0.01592356687898089,1.0,0.0,0.0,0.0,sassena_ID0000005,1.6160089038166558E-4,1.8634890130283675E-4
130,4768.0,0.019108280254777073,1.0,0.0,0.0,0.0,sassena_ID0000005,1.620657314176523E-4,1.7211126656432052E-4
131,4769.0,0.02229299363057325,1.0,0.0,0.0,0.0,sassena_ID0000005,1.6241407383171678E-4,1.6359985714369289E-4
132,4770.0,0.025477707006369428,1.0,0.0,0.0,0.0,sassena_ID0000005,1.620668848693545E-4,1.5798788797807294E-4
133,4771.0,0.028662420382165606,1.0,0.0,0.0,0.0,sassena_ID0000005,1.6195846040934766E-4,1.5413819107562064E-4
134,4772.0,0.03184713375796178,1.0,0.0,0.0,0.0,sassena_ID0000005,1.6253518626044782E-4,1.514824979287883E-4
135,4773.0,0.03503184713375796,1.0,0.0,0.0,0.0,sassena_ID0000005,1.620599641591413E-4,1.4968455950882298E-4
136,4791.0,0.0031847133757961785,1.0,0.0,0.0,1.0,sassena_ID0000005,1.051717262066228E-4,0.05966215304616848
137,4792.0,0.006369426751592357,1.0,0.0,0.0,1.0,sassena_ID0000005,0.0,5.463564735205791E-4
138,4793.0,0.009554140127388536,1.0,0.0,0.0,1.0,sassena_ID0000005,0.0,2.599330029719807E-4
139,4794.0,0.012738853503184714,1.0,0.0,0.0,1.0,sassena_ID0000005,0.0,2.0400299001541915E-4
140,4795.0,0.01592356687898089,1.0,0.0,0.0,1.0,sassena_ID0000005,0.0,1.8272587668249703E-4
141,4796.0,0.019108280254777073,1.0,0.0,0.0,1.0,sassena_ID0000005,0.0,1.7002489430043225E-4
142,4797.0,0.02229299363057325,1.0,0.0,0.0,1.0,sassena_ID0000005,0.0,1.5426823779329365E-4
143,4798.0,0.025477707006369428,1.0,0.0,0.0,1.0,sassena_ID0000005,0.0,1.2690742707324935E-4
144,4799.0,0.028662420382165606,1.0,0.0,0.0,1.0,sassena_ID0000005,0.0,9.547259321771621E-5
145,4800.0,0.03184713375796178,1.0,0.0,0.0,1.0,sassena_ID0000005,0.0,7.498699843715262E-5
146,4801.0,0.03503184713375796,1.0,0.0,0.0,1.0,sassena_ID0000005,0.0,6.546025482254958E-5
147,4802.0,0.038216560509554146,1.0,0.0,0.0,1.0,sassena_ID0000005,0.0,6.155170938130684E-5
148,4803.0,0.04140127388535032,1.0,0.0,0.0,1.0,sassena_ID0000005,0.0,6.009212181808944E-5
149,4804.0,0.0445859872611465,1.0,0.0,0.0,1.0,sassena_ID0000005,0.0,5.9696143036746095E-5
150,4805.0,0.04777070063694268,1.0,0.0,0.0,1.0,sassena_ID0000005,0.0,5.977145527861118E-5
151,4806.0,0.050955414012738856,1.0,0.0,0.0,1.0,sassena_ID0000005,0.0,6.0052634295174476E-5
152,4807.0,0.054140127388535034,1.0,0.0,0.0,1.0,sassena_ID0000005,0.0,6.041487298841188E-5
153,4808.0,0.05732484076433121,1.0,0.0,0.0,1.0,sassena_ID0000005,0.0,6.079810494262081E-5
154,4809.0,0.06050955414012739,1.0,0.0,0.0,1.0,sassena_ID0000005,0.0,6.117385203948913E-5
155,4810.0,0.06369426751592357,1.0,0.0,0.0,1.0,sassena_ID0000005,0.0,6.152956897726293E-5
156,4811.0,0.06687898089171974,1.0,0.0,0.0,1.0,sassena_ID0000005,0.0,6.18607705595915E-5
157,4812.0,0.07006369426751592,1.0,0.0,0.0,1.0,sassena_ID0000005,0.0,6.216691977054151E-5
158,4813.0,0.0732484076433121,1.0,0.0,0.0,1.0,sassena_ID0000005,0.0,6.244925609701765E-5
159,4814.0,0.07643312101910829,1.0,0.0,0.0,1.0,sassena_ID0000005,0.0,6.27096662783138E-5
160,4815.0,0.07961783439490447,1.0,0.0,0.0,1.0,sassena_ID0000005,0.0,6.295012426862935E-5
161,4816.0,0.08280254777070065,1.0,0.0,0.0,1.0,sassena_ID0000005,0.05962351025008223,6.317244042842843E-5
162,4817.0,0.08598726114649682,1.0,0.0,0.0,1.0,sassena_ID0000005,1.6514083365571828E-4,6.337817437225369E-5
163,4818.0,0.089171974522293,1.0,0.0,0.0,1.0,sassena_ID0000005,1.6375899851648232E-4,6.356862985290551E-5
164,4819.0,0.09235668789808918,1.0,0.0,0.0,1.0,sassena_ID0000005,1.6409926676863142E-4,6.374488652105313E-5
165,4820.0,0.09554140127388536,1.0,0.0,0.0,1.0,sassena_ID0000005,1.635663720822149E-4,6.390784428261657E-5
166,4821.0,0.09872611464968153,1.0,0.0,0.0,1.0,sassena_ID0000005,1.6459640445227975E-4,6.405826786770297E-5
167,4822.0,0.10191082802547771,1.0,0.0,0.0,1.0,sassena_ID0000005,6.578365747988716E-5,6.419682589593001E-5
168,4932.0,0.0031847133757961785,1.0,0.0,1.0,0.0,sassena_ID0000005,0.9906077207708432,0.9918738819122584
169,4933.0,0.006369426751592357,1.0,0.0,1.0,0.0,sassena_ID0000005,1.6026750021392203E-4,0.001586631688201606
170,4934.0,0.009554140127388536,1.0,0.0,1.0,0.0,sassena_ID0000005,1.6032286589562765E-4,1.9755719221087163E-4
171,4935.0,0.012738853503184714,1.0,0.0,1.0,0.0,sassena_ID0000005,1.608765227126838E-4,1.1032468925905723E-4
172,4936.0,0.01592356687898089,1.0,0.0,1.0,0.0,sassena_ID0000005,1.600817944898678E-4,8.635047487902327E-5
173,4937.0,0.019108280254777073,1.0,0.0,1.0,0.0,sassena_ID0000005,1.601221652994448E-4,7.541063296517537E-5
174,4938.0,0.02229299363057325,1.0,0.0,1.0,0.0,sassena_ID0000005,1.6067582211650095E-4,6.885448568191968E-5
175,4939.0,0.025477707006369428,1.0,0.0,1.0,0.0,sassena_ID0000005,1.6073810850841976E-4,6.430823235870618E-5
176,4940.0,0.028662420382165606,1.0,0.0,1.0,0.0,sassena_ID0000005,1.601221652994448E-4,6.0907194469643844E-5
177,4941.0,0.03184713375796178,1.0,0.0,1.0,0.0,sassena_ID0000005,1.6026057950370884E-4,5.825602942933231E-5
178,4942.0,0.03503184713375796,1.0,0.0,1.0,0.0,sassena_ID0000005,1.6115335112121187E-4,5.6140382449705024E-5
179,4943.0,0.038216560509554146,1.0,0.0,1.0,0.0,sassena_ID0000005,1.601221652994448E-4,5.443037942892641E-5
180,4944.0,0.04140127388535032,1.0,0.0,1.0,0.0,sassena_ID0000005,1.601221652994448E-4,5.304141243878555E-5
181,4945.0,0.0445859872611465,1.0,0.0,1.0,0.0,sassena_ID0000005,5.170970119032005E-4,5.191523936709816E-5
182,4946.0,0.04777070063694268,1.0,0.0,1.0,0.0,sassena_ID0000005,1.601221652994448E-4,5.1009795315551296E-5
183,4947.0,0.050955414012738856,1.0,0.0,1.0,0.0,sassena_ID0000005,1.601221652994448E-4,5.0293341926833724E-5
184,4948.0,0.054140127388535034,1.0,0.0,1.0,0.0,sassena_ID0000005,1.6067582211650095E-4,4.974096047457897E-5
185,4949.0,0.05732484076433121,1.0,0.0,1.0,0.0,sassena_ID0000005,1.6073810850841976E-4,4.933236172393205E-5
186,4950.0,0.06050955414012739,1.0,0.0,1.0,0.0,sassena_ID0000005,1.601221652994448E-4,4.905045881470823E-5
187,4951.0,0.06369426751592357,1.0,0.0,1.0,0.0,sassena_ID0000005,1.6039899370797289E-4,4.8880403960864474E-5
188,4952.0,0.06687898089171974,1.0,0.0,1.0,0.0,sassena_ID0000005,1.6039899370797289E-4,4.880892951576337E-5
189,4953.0,0.07006369426751592,1.0,0.0,1.0,0.0,sassena_ID0000005,1.601221652994448E-4,4.882390833950606E-5
190,4954.0,0.0732484076433121,1.0,0.0,1.0,0.0,sassena_ID0000005,1.6026057950370884E-4,4.8914084260520395E-5
191,4955.0,0.07643312101910829,1.0,0.0,1.0,0.0,sassena_ID0000005,1.605374079122369E-4,4.90689368093733E-5
192,4956.0,0.07961783439490447,1.0,0.0,1.0,0.0,sassena_ID0000005,1.60123318751147E-4,4.927864621532661E-5
193,4957.0,0.08280254777070065,1.0,0.0,1.0,0.0,sassena_ID0000005,1.601313929130624E-4,4.953412295431245E-5
194,4958.0,0.08598726114649682,1.0,0.0,1.0,0.0,sassena_ID0000005,0.0015262899700644104,4.9827066420001236E-5
195,4959.0,0.089171974522293,1.0,0.0,1.0,0.0,sassena_ID0000005,1.60157922302213E-4,5.015002207350832E-5
196,4960.0,0.09235668789808918,1.0,0.0,1.0,0.0,sassena_ID0000005,1.6017522407774603E-4,5.049641531605401E-5
197,4961.0,0.09554140127388536,1.0,0.0,1.0,0.0,sassena_ID0000005,1.604739680686159E-4,5.086055102028416E-5
198,4962.0,0.09872611464968153,1.0,0.0,1.0,0.0,sassena_ID0000005,1.604866560373401E-4,5.123757744735765E-5
199,4963.0,0.10191082802547771,1.0,0.0,1.0,0.0,sassena_ID0000005,1.6022366904923843E-4,5.1623420290275344E-5
200,4964.0,0.10509554140127389,1.0,0.0,1.0,0.0,sassena_ID0000005,1.6036439015690686E-4,5.201469623019953E-5
201,4965.0,0.10828025477707007,1.0,0.0,1.0,0.0,sassena_ID0000005,1.6125716177440989E-4,5.2408616137770955E-5
202,4966.0,0.11146496815286625,1.0,0.0,1.0,0.0,sassena_ID0000005,1.6022597595264282E-4,5.280288687070188E-5
203,4967.0,0.11464968152866242,1.0,0.0,1.0,0.0,sassena_ID0000005,1.6036785051201346E-4,5.319561850469509E-5
204,4968.0,0.1178343949044586,1.0,0.0,1.0,0.0,sassena_ID0000005,1.6068504973011855E-4,5.3585241528408265E-5
205,4969.0,0.12101910828025478,1.0,0.0,1.0,0.0,sassena_ID0000005,1.6033670731605405E-4,5.39704364664656E-5
206,4970.0,0.12420382165605096,1.0,0.0,1.0,0.0,sassena_ID0000005,1.6055817004287652E-4,5.435007674982043E-5
207,4971.0,0.12738853503184713,1.0,0.0,1.0,0.0,sassena_ID0000005,2.5012830852553814E-4,5.4723184457257E-5
208,4972.0,0.1305732484076433,1.0,0.0,1.0,0.0,sassena_ID0000005,1.6109567853610186E-4,5.508889775678509E-5
209,4973.0,0.1337579617834395,1.0,0.0,1.0,0.0,sassena_ID0000005,1.6095841778354002E-4,5.544644840715769E-5
210,4974.0,0.13694267515923567,1.0,0.0,1.0,0.0,sassena_ID0000005,1.6123524619206809E-4,5.579514746380174E-5
211,4975.0,0.14012738853503184,1.0,0.0,1.0,0.0,sassena_ID0000005,1.6123524619206809E-4,5.6134377305427944E-5
212,4976.0,0.14331210191082802,1.0,0.0,1.0,0.0,sassena_ID0000005,1.6095841778354002E-4,5.6463588203653276E-5
213,4977.0,0.1464968152866242,1.0,0.0,1.0,0.0,sassena_ID0000005,1.6109683198780404E-4,5.678229785360055E-5
214,4978.0,0.14968152866242038,1.0,0.0,1.0,0.0,sassena_ID0000005,1.6137366039633213E-4,5.709009253198549E-5
215,4979.0,0.15286624203821658,1.0,0.0,1.0,0.0,sassena_ID0000005,1.609653384937532E-4,5.738662882068359E-5
216,4980.0,0.15605095541401276,1.0,0.0,1.0,0.0,sassena_ID0000005,1.6109683198780404E-4,5.767163510442188E-5
217,4981.0,0.15923566878980894,1.0,0.0,1.0,0.0,sassena_ID0000005,1.6109683198780404E-4,5.794491230323506E-5
218,4982.0,0.16242038216560511,1.0,0.0,1.0,0.0,sassena_ID0000005,1.6123524619206809E-4,5.820633352144372E-5
219,4983.0,0.1656050955414013,1.0,0.0,1.0,0.0,sassena_ID0000005,1.6095841778354002E-4,5.8455842478114854E-5
220,4984.0,0.16878980891719747,1.0,0.0,1.0,0.0,sassena_ID0000005,8.416494846098083E-4,5.869345072664346E-5
221,4985.0,0.17197452229299365,1.0,0.0,1.0,0.0,sassena_ID0000005,7.521993051041755E-4,5.891923377425037E-5
222,4986.0,0.17515923566878983,1.0,0.0,1.0,0.0,sassena_ID0000005,1.6095841778354002E-4,5.913332627937291E-5
223,4987.0,0.178343949044586,1.0,0.0,1.0,0.0,sassena_ID0000005,1.6109683198780404E-4,5.933591654137093E-5
224,4988.0,0.18152866242038218,1.0,0.0,1.0,0.0,sassena_ID0000005,1.6138058110654532E-4,5.952724050870052E-5
225,4989.0,0.18471337579617836,1.0,0.0,1.0,0.0,sassena_ID0000005,1.6095841778354002E-4,5.970757552481654E-5
226,4990.0,0.18789808917197454,1.0,0.0,1.0,0.0,sassena_ID0000005,1.6109683198780404E-4,5.98772340112788E-5
227,4991.0,0.1910828025477707,1.0,0.0,1.0,0.0,sassena_ID0000005,1.6109683198780404E-4,6.00365572598171E-5
228,4992.0,0.1942675159235669,1.0,0.0,1.0,0.0,sassena_ID0000005,1.6123524619206809E-4,6.018590947353213E-5
229,4993.0,0.19745222929936307,1.0,0.0,1.0,0.0,sassena_ID0000005,1.6109683198780404E-4,6.0325672165103446E-5
230,4994.0,0.20063694267515925,1.0,0.0,1.0,0.0,sassena_ID0000005,1.6109683198780404E-4,6.0456238989094335E-5
231,4995.0,0.20382165605095542,1.0,0.0,1.0,0.0,sassena_ID0000005,1.6123524619206809E-4,6.0578011057647557E-5
232,4996.0,0.2070063694267516,1.0,0.0,1.0,0.0,sassena_ID0000005,1.609653384937532E-4,6.069139276489622E-5
233,4997.0,0.21019108280254778,1.0,0.0,1.0,0.0,sassena_ID0000005,1.612444738056857E-4,6.079678812558183E-5
234,4998.0,0.21337579617834396,1.0,0.0,1.0,0.0,sassena_ID0000005,1.6185118940104305E-4,6.089459761767899E-5
235,4999.0,0.21656050955414013,1.0,0.0,1.0,0.0,sassena_ID0000005,1.6095841778354002E-4,6.098521550695827E-5
236,5000.0,0.2197452229299363,1.0,0.0,1.0,0.0,sassena_ID0000005,1.6109683198780404E-4,6.106902762299964E-5
237,5001.0,0.2229299363057325,1.0,0.0,1.0,0.0,sassena_ID0000005,1.6116603908993606E-4,6.114640955066701E-5
238,5002.0,0.22611464968152867,1.0,0.0,1.0,0.0,sassena_ID0000005,1.6116603908993606E-4,6.121772519798175E-5
239,5003.0,0.22929936305732485,1.0,0.0,1.0,0.0,sassena_ID0000005,1.6109567853610186E-4,6.1283325700197E-5
240,5004.0,0.23248407643312102,1.0,0.0,1.0,0.0,sassena_ID0000005,1.6109683198780404E-4,6.134354862021401E-5
241,5005.0,0.2356687898089172,1.0,0.0,1.0,0.0,sassena_ID0000005,1.6123524619206809E-4,6.139871740692548E-5
242,5006.0,0.23885350318471338,1.0,0.0,1.0,0.0,sassena_ID0000005,1.6109683198780404E-4,6.144914107527233E-5
243,5007.0,0.24203821656050956,1.0,0.0,1.0,0.0,sassena_ID0000005,1.6109683198780404E-4,6.149511407449016E-5
244,5008.0,0.24522292993630573,1.0,0.0,1.0,0.0,sassena_ID0000005,1.6123524619206809E-4,6.153691631399347E-5
245,5009.0,0.2484076433121019,1.0,0.0,1.0,0.0,sassena_ID0000005,1.6095841778354002E-4,6.157481331941799E-5
246,5010.0,0.2515923566878981,1.0,0.0,1.0,0.0,sassena_ID0000005,4.565788614438577E-4,6.160905649440055E-5
247,5011.0,0.25477707006369427,1.0,0.0,1.0,0.0,sassena_ID0000005,4.565788614438577E-4,6.16398834666279E-5
248,5012.0,0.25796178343949044,1.0,0.0,1.0,0.0,sassena_ID0000005,7.522004585558777E-4,6.166751849946819E-5
249,5013.0,0.2611464968152866,1.0,0.0,1.0,0.0,sassena_ID0000005,1.6110259924631505E-4,6.16921729530803E-5
250,5014.0,0.2643312101910828,1.0,0.0,1.0,0.0,sassena_ID0000005,1.6110259924631505E-4,6.171404578124712E-5
251,5015.0,0.267515923566879,1.0,0.0,1.0,0.0,sassena_ID0000005,1.612410134505791E-4,6.173332405229646E-5
252,5016.0,0.27070063694267515,1.0,0.0,1.0,0.0,sassena_ID0000005,1.6110259924631505E-4,6.175018348436846E-5
253,5017.0,0.27388535031847133,1.0,0.0,1.0,0.0,sassena_ID0000005,1.6110259924631505E-4,6.176478898694833E-5
254,5018.0,0.2770700636942675,1.0,0.0,1.0,0.0,sassena_ID0000005,1.612410134505791E-4,6.177729520204071E-5
255,5019.0,0.2802547770700637,1.0,0.0,1.0,0.0,sassena_ID0000005,1.6105646117822703E-4,6.178784703963695E-5
256,5020.0,0.28343949044585987,1.0,0.0,1.0,0.0,sassena_ID0000005,1.6114873731440306E-4,6.179658020320078E-5
257,5021.0,0.28662420382165604,1.0,0.0,1.0,0.0,sassena_ID0000005,1.6110259924631505E-4,6.18036217018395E-5
258,5022.0,0.2898089171974522,1.0,0.0,1.0,0.0,sassena_ID0000005,1.6110259924631505E-4,6.18090903466173E-5
259,5023.0,0.2929936305732484,1.0,0.0,1.0,0.0,sassena_ID0000005,1.6110259924631505E-4,6.181309722912795E-5
260,5024.0,0.2961783439490446,1.0,0.0,1.0,0.0,sassena_ID0000005,1.6110259924631505E-4,6.181574618100563E-5
261,5025.0,0.29936305732484075,1.0,0.0,1.0,0.0,sassena_ID0000005,1.612410134505791E-4,6.181713421351507E-5
262,5026.0,0.30254777070063693,1.0,0.0,1.0,0.0,sassena_ID0000005,1.6110259924631505E-4,6.181735193674045E-5
263,5027.0,0.30573248407643316,1.0,0.0,1.0,0.0,sassena_ID0000005,1.6110259924631505E-4,6.181648395820117E-5
264,5028.0,0.30891719745222934,1.0,0.0,1.0,0.0,sassena_ID0000005,1.2890976223790484E-4,6.18146092609804E-5
265,5029.0,0.3121019108280255,1.0,0.0,1.0,0.0,sassena_ID0000005,1.6110259924631505E-4,6.181180156163943E-5
266,5030.0,0.3152866242038217,1.0,0.0,1.0,0.0,sassena_ID0000005,1.6110259924631505E-4,6.180812964835722E-5
267,5031.0,0.3184713375796179,1.0,0.0,1.0,0.0,sassena_ID0000005,1.6110259924631505E-4,6.180365769984615E-5
268,5032.0,0.32165605095541405,1.0,0.0,1.0,0.0,sassena_ID0000005,1.5255206177790427E-4,6.179844558569072E-5
269,5033.0,0.32484076433121023,1.0,0.0,1.0,0.0,sassena_ID0000005,1.6109683198780404E-4,6.17925491488131E-5
270,5034.0,0.3280254777070064,1.0,0.0,1.0,0.0,sassena_ID0000005,1.6109683198780404E-4,6.178602047081716E-5
271,5035.0,0.3312101910828026,1.0,0.0,1.0,0.0,sassena_ID0000005,1.6123524619206809E-4,6.177890812098976E-5
272,5036.0,0.33439490445859876,1.0,0.0,1.0,0.0,sassena_ID0000005,4.565788614438577E-4,6.177125738974678E-5
273,5037.0,0.33757961783439494,1.0,0.0,1.0,0.0,sassena_ID0000005,4.565788614438577E-4,6.17631105073127E-5
274,5038.0,0.3407643312101911,1.0,0.0,1.0,0.0,sassena_ID0000005,4.565788614438577E-4,6.175450684842139E-5
275,5039.0,0.3439490445859873,1.0,0.0,1.0,0.0,sassena_ID0000005,4.5658578215407097E-4,6.174548312380057E-5
276,5040.0,0.3471337579617835,1.0,0.0,1.0,0.0,sassena_ID0000005,1.6123524619206809E-4,6.173607355919741E-5
277,5041.0,0.35031847133757965,1.0,0.0,1.0,0.0,sassena_ID0000005,1.6095841778354002E-4,6.172631006266113E-5
278,5042.0,0.35350318471337583,1.0,0.0,1.0,0.0,sassena_ID0000005,1.6123524619206809E-4,6.171622238078707E-5
279,5043.0,0.356687898089172,1.0,0.0,1.0,0.0,sassena_ID0000005,1.6109683198780404E-4,6.17058382445939E-5
280,5044.0,0.3598726114649682,1.0,0.0,1.0,0.0,sassena_ID0000005,1.6109683198780404E-4,6.169518350566686E-5
281,5045.0,0.36305732484076436,1.0,0.0,1.0,0.0,sassena_ID0000005,1.6123524619206809E-4,6.168428226318536E-5
282,5046.0,0.36624203821656054,1.0,0.0,1.0,0.0,sassena_ID0000005,1.6109683198780404E-4,6.167315698240795E-5
283,5047.0,0.3694267515923567,1.0,0.0,1.0,0.0,sassena_ID0000005,1.6109683198780404E-4,6.166182860516642E-5
284,5048.0,0.3726114649681529,1.0,0.0,1.0,0.0,sassena_ID0000005,1.6111182685993265E-4,6.165031665288571E-5
285,5049.0,0.37579617834394907,1.0,0.0,1.0,0.0,sassena_ID0000005,1.6121217715802408E-4,6.163863932261997E-5
286,5050.0,0.37898089171974525,1.0,0.0,1.0,0.0,sassena_ID0000005,1.6109683198780404E-4,6.162681357656412E-5
287,5051.0,0.3821656050955414,1.0,0.0,1.0,0.0,sassena_ID0000005,6.438336711341601E-5,6.161485522547682E-5
288,5200.0,0.0031847133757961785,1.0,0.0,1.0,1.0,sassena_ID0000005,0.4993145895855342,0.49979210548952785
289,5201.0,0.006369426751592357,1.0,0.0,1.0,1.0,sassena_ID0000005,1.620461227387149E-4,0.00114152538473191
290,5202.0,0.009554140127388536,1.0,0.0,1.0,1.0,sassena_ID0000005,1.6026057950370884E-4,1.212778212499463E-4
291,5203.0,0.012738853503184714,1.0,0.0,1.0,1.0,sassena_ID0000005,1.6143017952973993E-4,8.406267316295428E-5
292,5204.0,0.01592356687898089,1.0,0.0,1.0,1.0,sassena_ID0000005,1.6117642015525587E-4,7.296676711807793E-5
293,5205.0,0.019108280254777073,1.0,0.0,1.0,1.0,sassena_ID0000005,1.612917653254759E-4,6.807388031176516E-5
294,5206.0,0.02229299363057325,1.0,0.0,1.0,1.0,sassena_ID0000005,5.17110853323627E-4,6.53609771966764E-5
295,5207.0,0.025477707006369428,1.0,0.0,1.0,1.0,sassena_ID0000005,1.6106799569524905E-4,6.360436259790015E-5
296,5208.0,0.028662420382165606,1.0,0.0,1.0,1.0,sassena_ID0000005,1.6146016927399715E-4,6.234422078452227E-5
297,5209.0,0.03184713375796178,1.0,0.0,1.0,1.0,sassena_ID0000005,1.6122947893355708E-4,6.137920007143442E-5
298,5210.0,0.03503184713375796,1.0,0.0,1.0,1.0,sassena_ID0000005,1.6081423632076497E-4,6.061156878690884E-5
299,5211.0,0.038216560509554146,1.0,0.0,1.0,1.0,sassena_ID0000005,1.3056842578566886E-4,5.9991113276908126E-5
300,5212.0,0.04140127388535032,1.0,0.0,1.0,1.0,sassena_ID0000005,3.396061708720237E-4,5.949116174427543E-5
301,5213.0,0.0445859872611465,1.0,0.0,1.0,1.0,sassena_ID0000005,1.6081423632076497E-4,5.909686083932395E-5
302,5214.0,0.04777070063694268,1.0,0.0,1.0,1.0,sassena_ID0000005,1.6109106472929306E-4,5.8798990327284996E-5
303,5215.0,0.050955414012738856,1.0,0.0,1.0,1.0,sassena_ID0000005,1.612363996437703E-4,5.859063138115011E-5
304,5216.0,0.054140127388535034,1.0,0.0,1.0,1.0,sassena_ID0000005,1.6143017952973993E-4,5.8465416118226854E-5
305,5217.0,0.05732484076433121,1.0,0.0,1.0,1.0,sassena_ID0000005,1.6109106472929306E-4,5.841668333059145E-5
306,5218.0,0.06050955414012739,1.0,0.0,1.0,1.0,sassena_ID0000005,2.504351266783234E-4,5.843716235368837E-5
307,5219.0,0.06369426751592357,1.0,0.0,1.0,1.0,sassena_ID0000005,2.499748994491455E-4,5.851896614272085E-5
308,5220.0,0.06687898089171974,1.0,0.0,1.0,1.0,sassena_ID0000005,1.6111990102184805E-4,5.8653760255035706E-5
309,5221.0,0.07006369426751592,1.0,0.0,1.0,1.0,sassena_ID0000005,1.6102185762716104E-4,5.8833019974996765E-5
310,5222.0,0.0732484076433121,1.0,0.0,1.0,1.0,sassena_ID0000005,1.612006426410021E-4,5.904831344751386E-5
311,5223.0,0.07643312101910829,1.0,0.0,1.0,1.0,sassena_ID0000005,1.6132752232824412E-4,5.929156632097352E-5
312,5224.0,0.07961783439490447,1.0,0.0,1.0,1.0,sassena_ID0000005,4.618432150126999E-4,5.9555278716392435E-5
313,5225.0,0.08280254777070065,1.0,0.0,1.0,1.0,sassena_ID0000005,0.0012272241661696202,5.983267964551938E-5
314,5226.0,0.08598726114649682,1.0,0.0,1.0,1.0,sassena_ID0000005,1.6150630734208517E-4,6.011781635423032E-5
315,5227.0,0.089171974522293,1.0,0.0,1.0,1.0,sassena_ID0000005,1.6122947893355708E-4,6.040558514792069E-5
316,5228.0,0.09235668789808918,1.0,0.0,1.0,1.0,sassena_ID0000005,1.6164472154634919E-4,6.069171546284881E-5
317,5229.0,0.09554140127388536,1.0,0.0,1.0,1.0,sassena_ID0000005,1.6136789313782112E-4,6.09727206362647E-5
318,5230.0,0.09872611464968153,1.0,0.0,1.0,1.0,sassena_ID0000005,1.6136789313782112E-4,6.124582798207408E-5
319,5231.0,0.10191082802547771,1.0,0.0,1.0,1.0,sassena_ID0000005,3.4084497800018684E-4,6.15088985361848E-5
320,5232.0,0.10509554140127389,1.0,0.0,1.0,1.0,sassena_ID0000005,1.6122947893355708E-4,6.176034414396871E-5
321,5233.0,0.10828025477707007,1.0,0.0,1.0,1.0,sassena_ID0000005,1.6150630734208517E-4,6.199904703726287E-5
322,5234.0,0.11146496815286625,1.0,0.0,1.0,1.0,sassena_ID0000005,1.6164472154634919E-4,6.222428499076889E-5
323,5235.0,0.11464968152866242,1.0,0.0,1.0,1.0,sassena_ID0000005,1.6122947893355708E-4,6.243566363302192E-5
324,5236.0,0.1178343949044586,1.0,0.0,1.0,1.0,sassena_ID0000005,1.6150630734208517E-4,6.26330564634719E-5
325,5237.0,0.12101910828025478,1.0,0.0,1.0,1.0,sassena_ID0000005,2.5084344858090235E-4,6.28165524910362E-5
326,5238.0,0.12420382165605096,1.0,0.0,1.0,1.0,sassena_ID0000005,2.50478957843007E-4,6.29864110512142E-5
327,5239.0,0.12738853503184713,1.0,0.0,1.0,1.0,sassena_ID0000005,1.616504888048602E-4,6.314302318496422E-5
328,5240.0,0.1305732484076433,1.0,0.0,1.0,1.0,sassena_ID0000005,1.616193456089008E-4,6.328687890242662E-5
329,5241.0,0.1337579617834395,1.0,0.0,1.0,1.0,sassena_ID0000005,1.6171969590699222E-4,6.341853965928767E-5
330,5242.0,0.13694267515923567,1.0,0.0,1.0,1.0,sassena_ID0000005,1.620657314176523E-4,6.353861541150848E-5
331,5243.0,0.14012738853503184,1.0,0.0,1.0,1.0,sassena_ID0000005,1.6179813062274184E-4,6.364774566640283E-5
332,5244.0,0.14331210191082802,1.0,0.0,1.0,1.0,sassena_ID0000005,2.51042995725383E-4,6.374658400397564E-5
333,5245.0,0.1464968152866242,1.0,0.0,1.0,1.0,sassena_ID0000005,1.620657314176523E-4,6.383578559683055E-5
334,5246.0,0.14968152866242038,1.0,0.0,1.0,1.0,sassena_ID0000005,1.6179582371933743E-4,6.39159973074973E-5
335,5247.0,0.15286624203821658,1.0,0.0,1.0,1.0,sassena_ID0000005,1.624117669283124E-4,6.3987849988206E-5
336,5248.0,0.15605095541401276,1.0,0.0,1.0,1.0,sassena_ID0000005,4.57593898941794E-4,6.4051952650001E-5
337,5249.0,0.15923566878980894,1.0,0.0,1.0,1.0,sassena_ID0000005,1.6165740951507338E-4,6.410888820617569E-5
338,5250.0,0.16242038216560511,1.0,0.0,1.0,1.0,sassena_ID0000005,0.0011383195693191283,6.415921052968951E-5
339,5251.0,0.1656050955414013,1.0,0.0,1.0,1.0,sassena_ID0000005,1.6178890300912424E-4,6.420344259594382E-5
340,5252.0,0.16878980891719747,1.0,0.0,1.0,1.0,sassena_ID0000005,1.6178890300912424E-4,6.424207551128064E-5
341,5253.0,0.17197452229299365,1.0,0.0,1.0,1.0,sassena_ID0000005,1.620657314176523E-4,6.427556825405283E-5
342,5254.0,0.17515923566878983,1.0,0.0,1.0,1.0,sassena_ID0000005,1.6178890300912424E-4,6.430434797919156E-5
343,5255.0,0.178343949044586,1.0,0.0,1.0,1.0,sassena_ID0000005,1.6178890300912424E-4,6.43288107589966E-5
344,5256.0,0.18152866242038218,1.0,0.0,1.0,1.0,sassena_ID0000005,2.511744892194338E-4,6.434932265246111E-5
345,5289.0,0.0031847133757961785,1.0,1.0,0.0,0.0,sassena_ID0000005,0.11758093333724508,0.117557028566955
346,5290.0,0.006369426751592357,1.0,1.0,0.0,0.0,sassena_ID0000005,3.355217983945325E-4,8.802313362335748E-4
347,5291.0,0.009554140127388536,1.0,1.0,0.0,0.0,sassena_ID0000005,3.210563605972386E-4,2.988375279265713E-4
348,5292.0,0.012738853503184714,1.0,1.0,0.0,0.0,sassena_ID0000005,1.2810465294976905E-4,2.1485548368783568E-4
349,5382.0,0.0031847133757961785,1.0,1.0,1.0,0.0,sassena_ID0000005,0.9997428679327387,0.9946948588329575
350,5383.0,0.006369426751592357,1.0,1.0,1.0,0.0,sassena_ID0000005,3.197552670771567E-4,0.001312322445096225
351,5384.0,0.009554140127388536,1.0,1.0,1.0,0.0,sassena_ID0000005,3.197633412390721E-4,1.468873509816885E-4
352,5385.0,0.012738853503184714,1.0,1.0,1.0,0.0,sassena_ID0000005,2.554157311284243E-4,8.697398244641694E-5
353,5386.0,0.01592356687898089,1.0,1.0,1.0,0.0,sassena_ID0000005,3.197644946907743E-4,7.175626180543601E-5
354,5387.0,0.019108280254777073,1.0,1.0,1.0,0.0,sassena_ID0000005,3.206007471748695E-4,6.53524436702319E-5
355,5388.0,0.02229299363057325,1.0,1.0,1.0,0.0,sassena_ID0000005,3.194945869924594E-4,6.172957104109823E-5
356,5389.0,0.025477707006369428,1.0,1.0,1.0,0.0,sassena_ID0000005,0.001035459360323715,5.9263124622722886E-5
357,5390.0,0.028662420382165606,1.0,1.0,1.0,0.0,sassena_ID0000005,3.199709625454681E-4,5.739764169065883E-5
358,5391.0,0.03184713375796178,1.0,1.0,1.0,0.0,sassena_ID0000005,3.2010937674973217E-4,5.590688799766888E-5
359,5392.0,0.03503184713375796,1.0,1.0,1.0,0.0,sassena_ID0000005,3.199790367073835E-4,5.468376824331559E-5
360,5393.0,0.038216560509554146,1.0,1.0,1.0,0.0,sassena_ID0000005,2.5573408379823157E-4,5.367040481628831E-5
361,5394.0,0.04140127388535032,1.0,1.0,1.0,0.0,sassena_ID0000005,3.766665740637192E-4,5.2831366334289194E-5
362,5395.0,0.0445859872611465,1.0,1.0,1.0,0.0,sassena_ID0000005,5.915823090244868E-4,5.214203319539022E-5
363,5396.0,0.04777070063694268,1.0,1.0,1.0,0.0,sassena_ID0000005,4.0896552862873184E-4,5.158310394060896E-5
364,5397.0,0.050955414012738856,1.0,1.0,1.0,0.0,sassena_ID0000005,3.199790367073835E-4,5.113796908450557E-5
365,5398.0,0.054140127388535034,1.0,1.0,1.0,0.0,sassena_ID0000005,3.1963300119672343E-4,5.0791548764841174E-5
366,5399.0,0.05732484076433121,1.0,1.0,1.0,0.0,sassena_ID0000005,3.2045541226039225E-4,5.0529885641963504E-5
367,5400.0,0.06050955414012739,1.0,1.0,1.0,0.0,sassena_ID0000005,3.1995596767333954E-4,5.0340097295932896E-5
368,5401.0,0.06369426751592357,1.0,1.0,1.0,0.0,sassena_ID0000005,4.127534640187576E-4,5.021046272748985E-5
369,5402.0,0.06687898089171974,1.0,1.0,1.0,0.0,sassena_ID0000005,5.877805322140345E-4,5.013052163438053E-5
370,5403.0,0.07006369426751592,1.0,1.0,1.0,0.0,sassena_ID0000005,3.1963300119672343E-4,5.0091130447730355E-5
371,5404.0,0.0732484076433121,1.0,1.0,1.0,0.0,sassena_ID0000005,3.198475432133327E-4,5.008445842843883E-5
372,5405.0,0.07643312101910829,1.0,1.0,1.0,0.0,sassena_ID0000005,3.198556173752481E-4,5.010392838972799E-5
373,5406.0,0.07961783439490447,1.0,1.0,1.0,0.0,sassena_ID0000005,3.197483463669435E-4,5.0144115847362004E-5
374,5407.0,0.08280254777070065,1.0,1.0,1.0,0.0,sassena_ID0000005,3.1984062250311953E-4,5.02006223527101E-5
375,5408.0,0.08598726114649682,1.0,1.0,1.0,0.0,sassena_ID0000005,0.0010086635238298997,5.026993696413957E-5
376,5409.0,0.089171974522293,1.0,1.0,1.0,0.0,sassena_ID0000005,0.0023606311846890776,5.034929659965671E-5
377,5410.0,0.09235668789808918,1.0,1.0,1.0,0.0,sassena_ID0000005,3.0428863320235296E-4,5.0436552720112595E-5
378,5411.0,0.09554140127388536,1.0,1.0,1.0,0.0,sassena_ID0000005,3.198636915371635E-4,5.053004902142749E-5
379,5412.0,0.09872611464968153,1.0,1.0,1.0,0.0,sassena_ID0000005,3.1984062250311953E-4,5.0628512726514915E-5
380,5413.0,0.10191082802547771,1.0,1.0,1.0,0.0,sassena_ID0000005,6.389891739849188E-5,5.073096060246585E-5
381,5514.0,0.0031847133757961785,1.0,1.0,1.0,1.0,sassena_ID0000005,0.5155888345852158,0.5124491278343868
382,5515.0,0.006369426751592357,1.0,1.0,1.0,1.0,sassena_ID0000005,3.2040235348209105E-4,0.0011575513347608817
383,5516.0,0.009554140127388536,1.0,1.0,1.0,1.0,sassena_ID0000005,3.193088812684052E-4,1.050230096612263E-4
384,5517.0,0.012738853503184714,1.0,1.0,1.0,1.0,sassena_ID0000005,0.0010340221595027733,7.450994428148928E-5
385,5518.0,0.01592356687898089,1.0,1.0,1.0,1.0,sassena_ID0000005,3.1921891203563356E-4,6.602608780923142E-5
386,5519.0,0.019108280254777073,1.0,1.0,1.0,1.0,sassena_ID0000005,3.191773877743543E-4,6.266243868456104E-5
387,5520.0,0.02229299363057325,1.0,1.0,1.0,1.0,sassena_ID0000005,5.016534470624408E-4,6.114199090180133E-5
388,5521.0,0.025477707006369428,1.0,1.0,1.0,1.0,sassena_ID0000005,4.974664173834538E-4,6.049519876922626E-5
389,5522.0,0.028662420382165606,1.0,1.0,1.0,1.0,sassena_ID0000005,3.198002516935425E-4,6.035139207237518E-5
390,5523.0,0.03184713375796178,1.0,1.0,1.0,1.0,sassena_ID0000005,4.1225171252830045E-4,6.052355588066385E-5
391,5524.0,0.03503184713375796,1.0,1.0,1.0,1.0,sassena_ID0000005,5.868312414631237E-4,6.0891286013950625E-5
392,5525.0,0.038216560509554146,1.0,1.0,1.0,1.0,sassena_ID0000005,3.191773877743543E-4,6.136772022282423E-5
393,5526.0,0.04140127388535032,1.0,1.0,1.0,1.0,sassena_ID0000005,4.121432880682936E-4,6.1890489985567E-5
394,5527.0,0.0445859872611465,1.0,1.0,1.0,1.0,sassena_ID0000005,5.832024824080016E-4,6.24179835631703E-5
395,5528.0,0.04777070063694268,1.0,1.0,1.0,1.0,sassena_ID0000005,1.915018188578038E-4,6.29256410399951E-5
