0.0521852474115549,-0.154129175342,0.0031847133757961785
0.00046261372074976967,-0.154094198192,0.006369426751592357
0.0004617532457799283,-0.154059221042,0.009554140127388535
0.00047428319162093005,-0.154024243892,0.012738853503184714
0.0004564542886600201,-0.153989266741,0.01592356687898089
0.0004816099168333063,-0.153954289591,0.01910828025477707
0.00027024104585680463,-0.153919312441,0.022292993630573247
0.04520024380047249,0.100677853276,0.0031847133757961785
0.006743914903547013,0.100712830426,0.006369426751592357
0.005169846657074062,0.100747807576,0.009554140127388535
0.00043154665260270695,0.100782784726,0.012738853503184714
0.00043976730288428843,0.100817761877,0.01592356687898089
0.0004335548120162377,0.100852739027,0.01910828025477707
0.00026507012187584075,0.100887716177,0.022292993630573247
0.04029215916579235,-0.254263230379,0.0031847133757961785
0.004570124439387148,-0.254228253229,0.006369426751592357
0.0004090774134438452,-0.254193276079,0.009554140127388535
0.00047116425821818044,-0.254158298929,0.012738853503184714
0.0004638098501649514,-0.254123321778,0.01592356687898089
0.0004737722125168553,-0.254088344628,0.01910828025477707
0.00046560000720676626,-0.254053367478,0.022292993630573247
0.0004729059702885029,-0.254018390328,0.025477707006369428
0.00046531279773291836,-0.253983413177,0.028662420382165606
0.0004724549706729426,-0.253948436027,0.03184713375796178
0.0004682194960224631,-0.253913458877,0.03503184713375796
0.00047115387715286063,-0.253878481727,0.03821656050955414
0.007620053747504313,-0.253843504576,0.041401273885350316
0.00046550888452229244,-0.253808527426,0.044585987261146494
0.0004720939402901539,-0.253773550276,0.04777070063694268
0.0004665089271481001,-0.253738573125,0.050955414012738856
0.00047150337301862734,-0.253703595975,0.054140127388535034
0.00044684142217388283,-0.253668618825,0.05732484076433121
0.0004729255789674403,-0.253633641675,0.06050955414012739
0.00046531279773291836,-0.253598664524,0.06369426751592357
0.0004737329951589805,-0.253563687374,0.06687898089171974
0.0004657338076042215,-0.253528710224,0.07006369426751592
0.00047238691702251276,-0.253493733074,0.0732484076433121
0.00046601871017466496,-0.253458755923,0.07643312101910828
0.00047254609335741643,-0.253423778773,0.07961783439490445
0.0004662863109695754,-0.253388801623,0.08280254777070063
0.00047308244839893956,-0.253353824473,0.08598726114649681
0.0004651305523639707,-0.253318847322,0.08917197452229299
0.00046642357172213723,-0.253283870172,0.09235668789808917
0.0004655838588829354,-0.253248893022,0.09554140127388536
0.00046844903291120096,-0.253213915872,0.09872611464968153
0.0004712392325788235,-0.253178938721,0.10191082802547771
0.00046523320956546655,-0.253143961571,0.10509554140127389
0.0004726660523344452,-0.253108984421,0.10828025477707007
0.0004596585774887325,-0.253074007271,0.11146496815286625
0.00047309859672277035,-0.25303903012,0.11464968152866242
0.00046655967902299686,-0.25300405297,0.1178343949044586
0.0004434433534592008,-0.25296907582,0.12101910828025478
0.00046530472357100296,-0.252934098669,0.12420382165605096
0.0004730213154587229,-0.252899121519,0.12738853503184713
0.00046021915501600187,-0.252864144369,0.1305732484076433
0.0003779941969729517,-0.252829167219,0.1337579617834395
0.0005499138662825011,-0.252794190068,0.13694267515923567
0.00047470881529904194,-0.252759212918,0.14012738853503184
0.0004670452821896232,-0.252724235768,0.14331210191082802
0.0004746892066201045,-0.252689258618,0.1464968152866242
0.0004679818849718098,-0.252654281467,0.14968152866242038
0.0004745023474443481,-0.252619304317,0.15286624203821655
0.00046677537449130835,-0.252584327167,0.15605095541401273
0.0004749821833524634,-0.252549350017,0.1592356687898089
0.00046688841275812395,-0.252514372866,0.1624203821656051
0.0004755254591041998,-0.252479395716,0.16560509554140126
0.0004666288861251289,-0.252444418566,0.16878980891719744
0.00047443544724562047,-0.252409441416,0.17197452229299362
0.00037668272238755,-0.252374464265,0.1751592356687898
0.00046120535622138313,-0.252339487115,0.17834394904458598
0.00047426935020050367,-0.252304509965,0.18152866242038215
0.0004675516474868891,-0.252269532815,0.18471337579617833
0.00047544125712993914,-0.252234555664,0.18789808917197454
0.0004674316885098603,-0.252199578514,0.1910828025477707
0.0004743420176577423,-0.252164601364,0.1942675159235669
0.00046124226667585355,-0.252129624213,0.19745222929936307
0.0004749314314775666,-0.252094647063,0.20063694267515925
0.00018544158361444345,-0.252059669913,0.20382165605095542
0.04639484258524537,0.000543798238586,0.0031847133757961785
0.0004390983008970123,0.000578775388847,0.006369426751592357
0.00043655378644195844,0.000613752539108,0.009554140127388535
0.00043020403482134584,0.000648729689369,0.012738853503184714
0.00043784565234842275,0.00068370683963,0.01592356687898089
0.00043883531390891063,0.000718683989891,0.01910828025477707
0.00043938551037086014,0.000753661140152,0.022292993630573247
0.0004315962510259016,0.000788638290413,0.025477707006369428
0.00043998530525600434,0.000823615440674,0.028662420382165606
0.00042360859798816453,0.000858592590935,0.03184713375796178
0.0004096898962977136,0.000893569741196,0.03503184713375796
0.0004320161074455025,0.000928546891457,0.03821656050955414
0.0004391259837378651,0.000963524041718,0.041401273885350316
0.0004391075285106299,0.000998501191979,0.044585987261146494
0.0004138676983630831,0.00103347834224,0.04777070063694268
0.0004382978054156853,0.0010684554925,0.050955414012738856
0.0004292974217834164,0.00110343264276,0.054140127388535034
0.00043753422038882866,0.00113840979302,0.05732484076433121
0.00043193075201953965,0.00117338694328,0.06050955414012739
0.0004450212753878108,0.00120836409354,0.06369426751592357
0.0004318477034969812,0.00124334124381,0.06687898089171974
0.00043958390406363863,0.00127831839407,0.07006369426751592
0.00043165392361101156,0.00131329554433,0.0732484076433121
0.00043939819833958436,0.00134827269459,0.07643312101910828
0.0004383335624184535,0.00138324984485,0.07961783439490445
0.00043898987643700547,0.00141822699511,0.08280254777070063
0.00043491473157313183,0.00145320414537,0.08598726114649681
0.0004329538636793913,0.00148818129563,0.08917197452229299
0.0004375123048064869,0.00152315844589,0.09235668789808917
0.0004331026589489752,0.00155813559615,0.09554140127388536
0.00044402815347221634,0.00159311274641,0.09872611464968153
0.0004316989082273974,0.00162808989668,0.10191082802547771
0.00043974423385024445,0.00166306704694,0.10509554140127389
0.00043114755831374566,0.0016980441972,0.10828025477707007
0.0004454538197761359,0.00173302134746,0.11146496815286625
0.00043439913866224827,0.00176799849772,0.11464968152866242
0.00043631617539130517,0.00180297564798,0.1178343949044586
0.0004392332547461697,0.00183795279824,0.12101910828025478
0.0004328696617051307,0.0018729299485,0.12420382165605096
0.0004391536665787179,0.00190790709876,0.12738853503184713
0.0004348132278233382,0.00194288424902,0.1305732484076433
0.0004137431255792454,0.00197786139929,0.1337579617834395
0.0004348962763458966,0.00201283854955,0.13694267515923567
0.00044052281374922967,0.00204781569981,0.14012738853503184
0.0004347751639171656,0.00208279285007,0.14331210191082802
0.0004406566141466849,0.00211777000033,0.1464968152866242
0.00042756839768181816,0.00215274715059,0.14968152866242038
0.00044092882874840415,0.00218772430085,0.15286624203821655
0.00041501192245166574,0.00222270145111,0.15605095541401273
0.0004407431230243499,0.00225767860137,0.1592356687898089
0.00043498739903037045,0.00229265575163,0.1624203821656051
0.00043931514981702594,0.0023276329019,0.16560509554140126
0.00043462982900268834,0.00236261005216,0.16878980891719744
0.00034903333163410674,0.00239758720242,0.17197452229299362
0.0004406300847575343,0.00243256435268,0.1751592356687898
0.0004333806408092054,0.00246754150294,0.17834394904458598
0.0004415551530226989,0.0025025186532,0.18152866242038215
0.00043423650197223804,0.00253749580346,0.18471337579617833
0.0004402736681815544,0.00257247295372,0.18789808917197454
0.00035090653719848,0.00260745010398,0.1910828025477707
0.048896070304819045,-0.210692268714,0.0031847133757961785
0.0004630970170129916,-0.210657291563,0.006369426751592357
0.00046951712918743844,-0.210622314413,0.009554140127388535
0.00046225615072208756,-0.210587337263,0.012738853503184714
0.00047079861402858294,-0.210552360113,0.01592356687898089
0.00046410282689731026,-0.210517382962,0.01910828025477707
0.04501525898373211,0.0441147599043,0.0031847133757961785
0.00043610970753661134,0.0441497370545,0.006369426751592357
0.0004385111939805923,0.0441847142048,0.009554140127388535
0.00043145206956312656,0.044219691355,0.012738853503184714
0.00043858616834123535,0.0442546685053,0.01592356687898089
0.00043389392681668457,0.0442896456556,0.01910828025477707
0.00018073780757287065,0.0443246228058,0.022292993630573247
0.045302425779867005,-0.310826323751,0.0031847133757961785
0.00047041912841855907,-0.3107913466,0.006369426751592357
0.0004783525692262927,-0.31075636945,0.009554140127388535
0.00046567959537421806,-0.3107213923,0.012738853503184714
0.0004760698883076383,-0.31068641515,0.01592356687898089
0.00046807531455968806,-0.310651437999,0.01910828025477707
0.00048025922489002975,-0.310616460849,0.022292993630573247
0.0004667442312953489,-0.310581483699,0.025477707006369428
0.00047501332654842284,-0.310546506549,0.028662420382165606
0.0004734157959408754,-0.310511529398,0.03184713375796178
0.00047471919636436175,-0.310476552248,0.03503184713375796
0.00043434377298054265,-0.310441575098,0.03821656050955414
0.0003830163256843318,-0.310406597948,0.041401273885350316
0.0004728748270925435,-0.310371620797,0.044585987261146494
0.00047465921687584736,-0.310336643647,0.04777070063694268
0.00046833022738587433,-0.310301666497,0.050955414012738856
0.0004744481352143447,-0.310266689347,0.054140127388535034
0.00047245727757634696,-0.310231712196,0.05732484076433121
0.0004748345415345818,-0.310196735046,0.06050955414012739
0.0004808117282553837,-0.310161757896,0.06369426751592357
0.0004678942226424426,-0.310126780746,0.06687898089171974
0.00048021885408045277,-0.310091803595,0.07006369426751592
0.0004666254257700223,-0.310056826445,0.0732484076433121
0.0004678653863498876,-0.310021849295,0.07643312101910828
0.0004669483922466384,-0.309986872144,0.07961783439490445
0.00047470881529904194,-0.309951894994,0.08280254777070063
0.0004730236223621273,-0.309916917844,0.08598726114649681
0.00038523902711447175,-0.309881940694,0.08917197452229299
0.0005570837220633782,-0.309846963543,0.09235668789808917
0.000472486113868902,-0.309811986393,0.09554140127388536
0.0004799443325753291,-0.309777009243,0.09872611464968153
0.0004678999899009536,-0.309742032093,0.10191082802547771
0.0004754908555531338,-0.309707054942,0.10509554140127389
0.000467188310200696,-0.309672077792,0.10828025477707007
0.0004802303885974748,-0.309637100642,0.11146496815286625
0.0004670233666072814,-0.309602123492,0.11464968152866242
0.0004756258094022912,-0.309567146341,0.1178343949044586
0.00046686188336897335,-0.309532169191,0.12101910828025478
0.00047945296215019177,-0.309497192041,0.12420382165605096
0.00046707642538558263,-0.309462214891,0.12738853503184713
0.00047662585202809884,-0.30942723774,0.1305732484076433
0.00047007886016640996,-0.30939226059,0.1337579617834395
0.0004816214513503283,-0.30935728344,0.13694267515923567
0.00046886773587909966,-0.30932230629,0.14012738853503184
0.00047624290606296834,-0.309287329139,0.14331210191082802
0.0004826826269163526,-0.309252351989,0.1464968152866242
0.0004659322012969999,-0.309217374839,0.14968152866242038
0.00037333771245116914,-0.309182397688,0.15286624203821655
0.0005511065353425763,-0.309147420538,0.15605095541401273
0.00047632249423042015,-0.309112443388,0.1592356687898089
0.0004735495963383307,-0.309077466238,0.1624203821656051
0.00047699149621769634,-0.309042489087,0.16560509554140126
0.00046838789997098436,-0.309007511937,0.16878980891719744
0.00048207821822439964,-0.308972534787,0.17197452229299362
0.00047012384478279577,-0.308937557637,0.1751592356687898
0.0004764643687897908,-0.308902580486,0.17834394904458598
0.0004746349943901011,-0.308867603336,0.18152866242038215
0.00028370528757658866,-0.308832626186,0.18471337579617833
0.044651744065976884,-0.0560192951327,0.0031847133757961785
0.000438054427106521,-0.0559843179825,0.006369426751592357
0.0004316942944205886,-0.0559493408322,0.009554140127388535
0.00043802443736226383,-0.055914363682,0.012738853503184714
0.00043146129717674416,-0.0558793865317,0.01592356687898089
0.0004345733098692805,-0.0558444093814,0.01910828025477707
0.00043228832204722175,-0.0558094322312,0.022292993630573247
0.00043926324449042694,-0.0557744550809,0.025477707006369428
0.00043341870471537804,-0.0557394779307,0.028662420382165606
0.0004379725320356648,-0.0557045007804,0.03184713375796178
0.00043260667471702903,-0.0556695236301,0.03503184713375796
0.0003470182515103628,-0.0556345464799,0.03821656050955414
0.00043957467645002103,-0.0555995693296,0.041401273885350316
0.00043224449088253815,-0.0555645921794,0.044585987261146494
0.00043154434569930253,-0.0555296150291,0.04777070063694268
0.00043338179426090763,-0.0554946378788,0.050955414012738856
0.000438797250002738,-0.0554596607286,0.054140127388535034
0.0004326574265919258,-0.0554246835783,0.05732484076433121
0.0004391905770331883,-0.0553897064281,0.06050955414012739
0.0004326666542055434,-0.0553547292778,0.06369426751592357
0.00043965657152087725,-0.0553197521275,0.06687898089171974
0.00043190537608209126,-0.0552847749773,0.07006369426751592
0.00043967387329641025,-0.055249797827,0.0732484076433121
0.0004313298036826933,-0.0552148206767,0.07643312101910828
0.0004398388168898249,-0.0551798435265,0.07961783439490445
0.0004330853571734421,-0.0551448663762,0.08280254777070063
0.00043815016359780365,-0.055109889226,0.08598726114649681
0.0004327727717621459,-0.0550749120757,0.08917197452229299
0.0004391836563229751,-0.0550399349254,0.09235668789808917
0.00043270356466001384,-0.0550049577752,0.09554140127388536
0.00034875188941876987,-0.0549699806249,0.09872611464968153
0.0005130114859740071,-0.0549350034747,0.10191082802547771
0.0004395181573166132,-0.0549000263244,0.10509554140127389
0.0004264841530817499,-0.0548650491741,0.10828025477707007
0.0004394812468621428,-0.0548300720239,0.11146496815286625
0.00043373936428858973,-0.0547950948736,0.11464968152866242
0.0004264645444028125,-0.0547601177234,0.1178343949044586
0.00043970847684747624,-0.0547251405731,0.12101910828025478
0.00042652221698792246,-0.0546901634228,0.12420382165605096
0.0004351604167857005,-0.0546551862726,0.12738853503184713
0.0004322560253995601,-0.0546202091223,0.1305732484076433
0.00043445219744054947,-0.054585231972,0.1337579617834395
0.000440340568380282,-0.0545502548218,0.13694267515923567
0.0004336482416041159,-0.0545152776715,0.14012738853503184
0.00043189499501677145,-0.0544803005213,0.14331210191082802
0.0004336286329251785,-0.054445323371,0.1464968152866242
0.0004364049911723746,-0.0544103462207,0.14968152866242038
0.0004335951828258147,-0.0543753690705,0.15286624203821655
0.0004414882528239713,-0.0543403919202,0.15605095541401273
0.00043476478285184577,-0.05430541477,0.1592356687898089
0.00044566259453423417,-0.0542704376197,0.1624203821656051
0.00043419036390415,-0.0542354604694,0.16560509554140126
0.00044181929346250276,-0.0542004833192,0.16878980891719744
0.0004398272823728029,-0.0541655061689,0.17197452229299362
0.00043506583374612005,-0.0541305290187,0.1751592356687898
0.0004400625865200517,-0.0540955518684,0.17834394904458598
0.0003505708827531397,-0.0540605747181,0.18152866242038215
0.0004230203376200424,-0.0540255975679,0.18471337579617833
0.0004382159103448291,-0.0539906204176,0.18789808917197454
0.0003497623131098973,-0.0539556432674,0.1910828025477707
0.0005204593236151144,-0.0539206661171,0.1942675159235669
0.05172100271009821,0.0139464524527,0.0031847133757961785
0.008214397419903867,0.013981429603,0.006369426751592357
0.006759796780034609,0.0140164067532,0.009554140127388535
0.004832169057448117,0.0140513839035,0.012738853503184714
0.009383485313379188,0.0140863610538,0.01592356687898089
0.007176917212197897,0.014121338204,0.01910828025477707
0.0028462574203494454,0.0141563153543,0.022292993630573247
0.00617449847588371,0.0141912925045,0.025477707006369428
0.050121808825196235,0.268753481071,0.0031847133757961785
0.00813596962486446,0.268788458221,0.006369426751592357
0.013346167482836596,0.268823435371,0.009554140127388535
0.006147455800725623,0.268858412521,0.012738853503184714
0.004456456387942118,0.268893389672,0.01592356687898089
0.004276337983933329,0.268928366822,0.01910828025477707
0.003231555273500729,0.268963343972,0.022292993630573247
0.0018123482991134875,0.268998321123,0.025477707006369428
0.049719791689621554,-0.0861876025843,0.0031847133757961785
0.009850589421605624,-0.086152625434,0.006369426751592357
0.01423908904906091,-0.0861176482838,0.009554140127388535
0.00641613045917084,-0.0860826711335,0.012738853503184714
0.0026740770709551987,-0.0860476939832,0.01592356687898089
0.007117692081096721,-0.086012716833,0.01910828025477707
0.010217145991499556,-0.0859777396827,0.022292993630573247
0.004784295044548295,-0.0859427625325,0.025477707006369428
0.00583043306073098,-0.0859077853822,0.028662420382165606
0.003843125747072645,-0.0858728082319,0.03184713375796178
0.002525168763104545,-0.0858378310817,0.03503184713375796
0.004429801272555971,-0.0858028539314,0.03821656050955414
0.0038432837699558463,-0.0857678767812,0.041401273885350316
0.002731197152699859,-0.0857328996309,0.044585987261146494
0.005184482805723282,-0.0856979224806,0.04777070063694268
0.004018001713094934,-0.0856629453304,0.050955414012738856
0.004023256839050158,-0.0856279681801,0.054140127388535034
0.0034919400745622325,-0.0855929910299,0.05732484076433121
0.001622183330778534,-0.0855580138796,0.06050955414012739
0.010210267958999337,-0.0855230367293,0.06369426751592357
0.006282309299584967,-0.0854880595791,0.06687898089171974
0.00560219034480299,-0.0854530824288,0.07006369426751592
0.003847347380302698,-0.0854181052785,0.0732484076433121
0.005416298915024688,-0.0853831281283,0.07643312101910828
0.004030210999362724,-0.085348150978,0.07961783439490445
0.0013888688877159694,-0.0853131738278,0.08280254777070063
0.0015056616398222602,-0.0852781966775,0.08598726114649681
0.002321792158972589,-0.0852432195272,0.08917197452229299
0.0036782605883737525,-0.085208242377,0.09235668789808917
0.0014467456337772736,-0.0851732652267,0.09554140127388536
0.001096739942358212,-0.0851382880765,0.09872611464968153
0.003207285496234733,-0.0851033109262,0.10191082802547771
0.0031517491036771933,-0.0850683337759,0.10509554140127389
0.001857355984533343,-0.0850333566257,0.10828025477707007
0.006597274281742885,-0.0849983794754,0.11146496815286625
0.004516666566796974,-0.0849634023252,0.11464968152866242
0.0030036412913078663,-0.0849284251749,0.1178343949044586
0.0016834650662647334,-0.0848934480246,0.12101910828025478
0.0015371762472297767,-0.0848584708744,0.12420382165605096
0.0014843793024649627,-0.0848234937241,0.12738853503184713
0.0018576478078139998,-0.0847885165739,0.1305732484076433
0.002626170761407714,-0.0847535394236,0.1337579617834395
0.0010408413659661814,-0.0847185622733,0.13694267515923567
0.002044182863642129,-0.0846835851231,0.14012738853503184
0.002032849047216309,-0.0846486079728,0.14331210191082802
0.00361861790775638,-0.0846136308225,0.1464968152866242
0.0033825824721283246,-0.0845786536723,0.14968152866242038
0.0016822574023325296,-0.084543676522,0.15286624203821655
0.0017992070238703197,-0.0845086993718,0.15605095541401273
0.002160280084371993,-0.0844737222215,0.1592356687898089
0.0012164428531091542,-0.0844387450712,0.1624203821656051
0.00325658748234188,-0.084403767921,0.16560509554140126
0.002809838336304173,-0.0843687907707,0.16878980891719744
0.000461636747158006,-0.0843338136205,0.17197452229299362
0.0021531079216877114,-0.0842988364702,0.1751592356687898
0.0011563041882598352,-0.0842638593199,0.17834394904458598
0.002684704974939272,-0.0842288821697,0.18152866242038215
0.001507273011850234,-0.0841939050194,0.18471337579617833
0.0015676654360740371,-0.0841589278692,0.18789808917197454
0.0022088530890033496,-0.0841239507189,0.1910828025477707
0.0018658753788057944,-0.0840889735686,0.1942675159235669
0.0012160310708514686,-0.0840539964184,0.19745222929936307
0.0013920097367010609,-0.0840190192681,0.20063694267515925
0.0023820542431540435,-0.0839840421178,0.20382165605095542
0.003387531933382466,-0.0839490649676,0.2070063694267516
0.0013341756683527381,-0.0839140878173,0.21019108280254778
0.0023283806750955573,-0.0838791106671,0.21337579617834396
0.0057854253753111245,-0.0838441335168,0.21656050955414013
0.0021019246558542756,-0.0838091563665,0.2197452229299363
0.0012168777044008836,-0.0837741792163,0.2229299363057325
0.0027380578834245465,-0.083739202066,0.22611464968152867
0.0018584079324857497,-0.0837042249158,0.22929936305732485
0.05003119711982649,0.168619426034,0.0031847133757961785
0.012103818104496024,0.168654403184,0.006369426751592357
0.010542127548239383,0.168689380334,0.009554140127388535
0.0074998502387146155,0.168724357484,0.012738853503184714
0.006387562920862446,0.168759334635,0.01592356687898089
0.004341959004723206,0.168794311785,0.01910828025477707
0.004754371047038112,0.168829288935,0.022292993630573247
0.005159973110503228,0.168864266086,0.025477707006369428
0.004987751236847702,0.168899243236,0.028662420382165606
0.004749075550273311,0.168934220386,0.03184713375796178
0.013469812891505659,0.168969197536,0.03503184713375796
0.0030583564262534396,0.169004174687,0.03821656050955414
0.0026805906127175235,0.169039151837,0.041401273885350316
0.0021209912124916467,0.169074128987,0.044585987261146494
0.002294293870392134,0.169109106137,0.04777070063694268
0.0022442571355506856,0.169144083288,0.050955414012738856
0.0018290018347898555,0.169179060438,0.054140127388535034
0.0018859246762934398,0.169214037588,0.05732484076433121
0.0029967713329695617,0.169249014738,0.06050955414012739
0.006108939741485751,0.169283991889,0.06369426751592357
0.0032915912811485523,0.169318969039,0.06687898089171974
0.0044606157347802525,0.169353946189,0.07006369426751592
0.004233188509205718,0.169388923339,0.0732484076433121
0.002120905857065684,0.16942390049,0.07643312101910828
0.0029407724062794397,0.16945887764,0.07961783439490445
0.0010449372729606948,0.16949385479,0.08280254777070063
0.002794588551349383,0.16952883194,0.08598726114649681
0.001186104766437882,0.169563809091,0.08917197452229299
0.004051027342232332,0.169598786241,0.09235668789808917
0.004523909090035089,0.169633763391,0.09554140127388536
0.0033644836614690997,0.169668740542,0.09872611464968153
0.0031751030402916423,0.169703717692,0.10191082802547771
0.002238427590647765,0.169738694842,0.10509554140127389
0.0030550690889021687,0.169773671992,0.10828025477707007
0.0023024164772790286,0.169808649143,0.11146496815286625
0.0022381184655915756,0.169843626293,0.11464968152866242
0.00399115397127452,0.169878603443,0.1178343949044586
0.0036976339631639085,0.169913580593,0.12101910828025478
0.0031818172826501502,0.169948557744,0.12420382165605096
0.002002951579095277,0.169983534894,0.12738853503184713
0.001362634782201126,0.170018512044,0.1305732484076433
0.004114938947599549,0.170053489194,0.1337579617834395
0.0014812061568322096,0.170088466345,0.13694267515923567
0.0018304517235795213,0.170123443495,0.14012738853503184
0.0015395292887022652,0.170158420645,0.14331210191082802
0.0029490126652399586,0.170193397795,0.1464968152866242
0.0033623901466296063,0.170228374946,0.14968152866242038
0.007448144459260083,0.170263352096,0.15286624203821655
0.004936749062931511,0.170298329246,0.15605095541401273
0.004528336037668134,0.170333306396,0.1592356687898089
0.0037661224648854554,0.170368283547,0.1624203821656051
0.0015419388493081616,0.170403260697,0.16560509554140126
0.004476978600627666,0.170438237847,0.16878980891719744
0.0015988178596470625,0.170473214998,0.17197452229299362
0.0024747952203660536,0.170508192148,0.1751592356687898
0.0020657697122488075,0.170543169298,0.17834394904458598
0.002130195757075205,0.170578146448,0.18152866242038215
0.002424888825566954,0.170613123599,0.18471337579617833
0.0014790365141803708,0.170648100749,0.18789808917197454
0.002599686356873493,0.170683077899,0.1910828025477707
0.001830024946449707,0.170718055049,0.1942675159235669
0.0019489573514635795,0.1707530322,0.19745222929936307
0.0017743316844606681,0.17078800935,0.20063694267515925
0.0018988917803295757,0.1708229865,0.20382165605095542
0.0036455475446476497,0.17085796365,0.2070063694267516
0.0013701875839471336,0.170892940801,0.21019108280254778
0.0016555976731395742,0.170927917951,0.21337579617834396
0.0014294553927612912,0.170962895101,0.21656050955414013
0.0010117789968775428,0.170997872251,0.2197452229299363
0.04946344858332456,-0.0426166409186,0.0031847133757961785
0.009126448982609172,-0.0425816637684,0.006369426751592357
0.007052466694240698,-0.0425466866181,0.009554140127388535
0.009806593313328598,-0.0425117094678,0.012738853503184714
0.0042463597741931435,-0.0424767323176,0.01592356687898089
0.0054768551293902035,-0.0424417551673,0.01910828025477707
0.003838634206144277,-0.0424067780171,0.022292993630573247
0.005381152088206943,-0.0423718008668,0.025477707006369428
0.045567803873347336,-0.142750695956,0.0031847133757961785
0.012621038535731358,-0.142715718805,0.006369426751592357
0.01031694955348414,-0.142680741655,0.009554140127388535
0.006469043902557577,-0.142645764505,0.012738853503184714
0.01126505455604512,-0.142610787355,0.01592356687898089
0.004108104746264012,-0.142575810204,0.01910828025477707
0.009303944437447158,-0.142540833054,0.022292993630573247
0.003899730235906422,-0.142505855904,0.025477707006369428
0.006474226361055563,-0.142470878754,0.028662420382165606
0.0028504409896733256,-0.142435901603,0.03184713375796178
0.003143594200142637,-0.142400924453,0.03503184713375796
0.0019743655855596473,-0.142365947303,0.03821656050955414
0.0050717778864495895,-0.142330970152,0.041401273885350316
0.005138575427975711,-0.142295993002,0.044585987261146494
0.0031435123050717806,-0.142261015852,0.04777070063694268
0.0020333311900278287,-0.142226038702,0.050955414012738856
0.0020345838385764183,-0.142191061551,0.054140127388535034
0.004897900809601406,-0.142156084401,0.05732484076433121
0.001682651882814682,-0.142121107251,0.06050955414012739
0.0020302560877897627,-0.142086130101,0.06369426751592357
0.004491140680627281,-0.14205115295,0.06687898089171974
0.008524362188932747,-0.1420161758,0.07006369426751592
0.003617127648157137,-0.14198119865,0.0732484076433121
0.0015978593412825342,-0.1419462215,0.07643312101910828
0.0036684781644873918,-0.141911244349,0.07961783439490445
0.0020911329617284897,-0.141876267199,0.08280254777070063
0.002390458292256275,-0.141841290049,0.08598726114649681
0.001682702634689579,-0.141806312899,0.08917197452229299
0.0013314466016253323,-0.141771335748,0.09235668789808917
0.003845724473757702,-0.141736358598,0.09554140127388536
0.0031546650295803556,-0.141701381448,0.09872611464968153
0.0012142858984260396,-0.141666404298,0.10191082802547771
0.0028459655970687887,-0.141631427147,0.10509554140127389
0.0012740439242136324,-0.141596449997,0.10828025477707007
0.002099542778089232,-0.141561472847,0.11146496815286625
0.0032637850209636097,-0.141526495696,0.11464968152866242
0.0019161797144421537,-0.141491518546,0.1178343949044586
0.0013325539152594446,-0.141456541396,0.12101910828025478
0.0033278004369840237,-0.141421564246,0.12420382165605096
0.00378966787448247,-0.141386587095,0.12738853503184713
0.0015666365571556744,-0.141351609945,0.1305732484076433
0.00865356492790301,-0.141316632795,0.1337579617834395
0.00549919056815161,-0.141281655645,0.13694267515923567
0.0012761005285986556,-0.141246678494,0.14012738853503184
0.0031485621166240135,-0.141211701344,0.14331210191082802
0.0018543685446246443,-0.141176724194,0.1464968152866242
0.003265884303061614,-0.141141747044,0.14968152866242038
0.0012795516560916388,-0.141106769893,0.15286624203821655
0.001567036804896338,-0.141071792743,0.15605095541401273
0.001685150259201648,-0.141036815593,0.1592356687898089
0.0029133721610936714,-0.141001838443,0.1624203821656051
0.002101321400614025,-0.140966861292,0.16560509554140126
0.0005728629413494781,-0.140931884142,0.16878980891719744
0.0008976830148509963,-0.140896906992,0.17197452229299362
0.003381415179005698,-0.140861929842,0.1751592356687898
0.012991115440220408,-0.140826952691,0.17834394904458598
0.0019209884545886267,-0.140791975541,0.18152866242038215
0.000802419438766274,-0.140756998391,0.18471337579617833
0.0019198892151164298,-0.14072202124,0.18789808917197454
0.002621150939599738,-0.14068704409,0.1910828025477707
0.0011657924819621348,-0.14065206694,0.1942675159235669
0.0009233415479664419,-0.14061708979,0.19745222929936307
0.004202442100631867,-0.140582112639,0.20063694267515925
0.00126932976710674,-0.140547135489,0.20382165605095542
0.0008349894544813038,-0.140512158339,0.2070063694267516
0.002568606600757706,-0.140477181189,0.21019108280254778
0.0028027100047845754,-0.140442204038,0.21337579617834396
0.001334490560667439,-0.140407226888,0.21656050955414013
0.0008652433391783152,-0.140372249738,0.2197452229299363
0.001633276075798594,-0.140337272588,0.2229299363057325
0.051342036153340306,0.112056332662,0.0031847133757961785
0.00813800316021544,0.112091309813,0.006369426751592357
0.009768527100252583,0.112126286963,0.009554140127388535
0.004079374571265607,0.112161264113,0.012738853503184714
0.01193454906719813,0.112196241263,0.01592356687898089
0.0063864048553534366,0.112231218414,0.01910828025477707
0.0028274953749614553,0.112266195564,0.022292993630573247
0.00983603516802726,0.112301172714,0.025477707006369428
0.0015898209363699003,0.112336149864,0.028662420382165606
0.002123569177046064,0.112371127015,0.03184713375796178
0.004981391104161769,0.112406104165,0.03503184713375796
0.003533082543328015,0.112441081315,0.03821656050955414
0.002162122146740407,0.112476058465,0.041401273885350316
0.0015335486416263567,0.112511035616,0.044585987261146494
0.001887163483421603,0.112546012766,0.04777070063694268
0.0021783604398039826,0.112580989916,0.050955414012738856
0.002523660048278067,0.112615967067,0.054140127388535034
0.0042923974919830635,0.112650944217,0.05732484076433121
0.0019458211162852969,0.112685921367,0.06050955414012739
0.002525301410050298,0.112720898517,0.06369426751592357
0.003925460283027404,0.112755875668,0.06687898089171974
0.002765085563710504,0.112790852818,0.07006369426751592
0.0025892060947073007,0.112825829968,0.0732484076433121
0.005460871749152814,0.112860807118,0.07643312101910828
0.0015405789297512676,0.112895784269,0.07961783439490445
0.002294806002947911,0.112930761419,0.08280254777070063
0.001653512232461996,0.112965738569,0.08598726114649681
0.0014779961007449862,0.113000715719,0.08917197452229299
0.003407495875444149,0.11303569287,0.09235668789808917
0.0016568410940745462,0.11307067002,0.09554140127388536
0.0018886941138304227,0.11310564717,0.09872611464968153
0.00890873612727057,0.11314062432,0.10191082802547771
0.0017090013334997458,0.113175601471,0.10509554140127389
0.003933610572755151,0.113210578621,0.10828025477707007
0.002063520481429517,0.113245555771,0.11146496815286625
0.0018322626427519756,0.113280532921,0.11464968152866242
0.002300277977823149,0.113315510072,0.1178343949044586
0.0025284549470041134,0.113350487222,0.12101910828025478
0.001477891136640086,0.113385464372,0.12420382165605096
0.0012465640908604126,0.113420441523,0.12738853503184713
0.002541588148085366,0.113455418673,0.1305732484076433
0.0016002400655958755,0.113490395823,0.1337579617834395
0.0010720191654766554,0.113525372973,0.13694267515923567
0.0015401636871384755,0.113560350124,0.14012738853503184
0.0031833617544793965,0.113595327274,0.14331210191082802
0.0015400898662295346,0.113630304424,0.1464968152866242
0.00154091573764831,0.113665281574,0.14968152866242038
0.0016584051745827297,0.113700258725,0.15286624203821655
0.0029509124001934825,0.113735235875,0.15605095541401273
0.002948107205653731,0.113770213025,0.1592356687898089
0.0007208680965173088,0.113805190175,0.1624203821656051
0.0025331817920797306,0.113840167326,0.16560509554140126
0.0018333272786731066,0.113875144476,0.16878980891719744
0.0009018227530101932,0.113910121626,0.17197452229299362
0.00148118539470157,0.113945098776,0.1751592356687898
0.0014227030864966106,0.113980075927,0.17834394904458598
0.00189042775173883,0.114015053077,0.18152866242038215
0.0016634030808083636,0.114050030227,0.18471337579617833
0.002302402635858602,0.114085007377,0.18789808917197454
0.001306210231832892,0.114119984528,0.1910828025477707
0.0026778753874105443,0.114154961678,0.1942675159235669
0.0018709459524886669,0.114189938828,0.19745222929936307
0.004056742695416735,0.114224915979,0.20063694267515925
0.0009557189372472041,0.114259893129,0.20382165605095542
0.0019482226027292778,0.114294870279,0.2070063694267516
0.0018387738776108964,0.114329847429,0.21019108280254778
0.0011893886434340463,0.11436482458,0.21337579617834396
0.0011301231415232929,0.11439980173,0.21656050955414013
0.006983813248925737,0.11443477888,0.2197452229299363
0.002652281447590422,0.11446975603,0.2229299363057325
0.0017160108594940168,0.114504733181,0.22611464968152867
0.008219551042109297,0.114539710331,0.22929936305732485
0.0011115433415042507,0.114574687481,0.23248407643312102
